customer_name,customer_email,email_subject,email_body
Ananya Sharma,ananya.sharma@yopmail.com,Update on Your Billing Issue – Refund Initiated,"Dear Ananya Sharma,

Thank you for contacting us regarding your recent billing issue. We understand that you were charged INR 2,499 for your monthly subscription, despite having downgraded your plan to INR 1,499 before the billing date. We also appreciate the screenshot of the invoice that you provided, which helped us address your concern promptly.

Our billing team has thoroughly reviewed your account and confirmed that the higher charge was made in error. We have initiated a refund of INR 1,000 to your original payment method. Please allow 5-7 business days for the amount to be credited to your account. No further follow-up is required from your end at this time.

If you have any other questions or need further assistance, please feel free to reach out to us.

Best regards,
Service Team"
Rahul Mehta,rahul.mehta@yopmail.com,Update on Your Product Delivery Complaint – Logistics Investigation in Progress,"Dear Mr. Mehta,

Thank you for reaching out to us regarding the delayed delivery of your order, which was scheduled to arrive on 10 August. We sincerely apologize for the inconvenience this delay has caused.

We have received your order details and the screenshot of the tracking page showing the status as ""In Transit"" for the past four days. To resolve this matter, our customer support team has contacted the logistics team and initiated a delivery investigation request. 

Currently, the case is under investigation by the logistics team due to the package exceeding the expected delivery date. You can expect an update from us within the next 48 hours.

We appreciate your patience and understanding. We will keep you informed as soon as we receive new information from the logistics team. If you have any further questions or concerns, please feel free to reply to this email or contact us at any time.

Best regards,
Service Team"
Priya Nair,priya.nair@yopmail.com,Update on Your Technical Support Request – Mobile Application Issue,"Dear Priya Nair,

Thank you for reaching out to us regarding the issue you are experiencing with our mobile application closing immediately after you enter your login credentials. We understand how inconvenient this must be for you and appreciate your patience while we work to resolve the matter.

To address your concern, our support agent has already provided troubleshooting steps and collected the necessary application version and device information from you. As these initial steps did not resolve the problem, your case has been escalated to our technical team for further investigation.

Currently, our technical team is actively investigating the issue based on the details you have provided. We will keep you updated with any progress or if we require additional information. No further action is required from your side at this time.

Thank you for your cooperation and understanding. If you have any questions, please feel free to reply to this email or contact us through our support channels.

Best regards,

Service Team"
Vikram Rao,vikram.rao@yopmail.com,Your Account Access Issue Has Been Resolved,"Dear Mr. Rao,

Thank you for reaching out to us regarding your recent difficulty accessing your account after changing your phone number. We understand how important access to your account is, and we appreciate your patience during the resolution process.

We are pleased to inform you that our support team has verified your identity using the standard verification process and updated your registered phone number as requested. You were then able to reset your password and have confirmed that your account access has been fully restored.

No further follow-up is required at this time. If you have any other questions or concerns in the future, please do not hesitate to contact us.

Best regards,
Service Team"
Sneha Iyer,sneha.iyer@yopmail.com,Your Service Quality Complaint – Pending Review by Management,"Dear Ms. Iyer,

Thank you for bringing your recent service experience to our attention.

We acknowledge your complaint regarding the late arrival of the technician for your requested service appointment on 15 August. We understand that this delay caused significant inconvenience and required you to reschedule your other commitments. We sincerely apologize for any frustration this has caused.

Your complaint has been recorded, and a formal service-quality review is currently open. The matter has been escalated to our service-quality manager for further assessment, as per your request. At this stage, no compensation or final resolution has been provided yet.

Our management team will contact you with an update once the review has been completed. We appreciate your patience as we work to address your concerns.

If you have any additional information or questions in the meantime, please feel free to reach out to us at any time.

Best regards,
Service Team"
Ananya Sharma,ananya.sharma@yopmail.com,Resolution of Your Billing Issue – Refund Initiated,"Dear Ananya Sharma,

Thank you for reaching out regarding the billing issue related to your monthly subscription. You reported that you were charged INR 2,499, rather than the downgraded rate of INR 1,499, and provided a supporting invoice screenshot.

Our billing team has reviewed your account and confirmed that the higher amount was charged incorrectly. We have initiated a refund of INR 1,000 to your original payment method. Please note, the refund may take 5-7 business days to reflect in your account.

Your complaint has been resolved, and no further follow-up is necessary at this time. If you have any additional questions or concerns, please do not hesitate to contact us.

Regards,
Service Team"
Rahul Mehta,rahul.mehta@yopmail.com,Update on Your Product Delivery Complaint – Investigation in Progress,"Dear Mr. Mehta,

Thank you for reaching out regarding your order, which was scheduled for delivery on 10 August but has not yet arrived. We understand how concerning it can be when your order is delayed, and we sincerely apologize for the inconvenience caused.

As per your complaint, the tracking page has shown 'In Transit' for four days without any update. Upon receiving your details, our customer support team contacted the logistics department and initiated a delivery investigation request. Your escalation was necessary due to the delay, and we appreciate you providing your order number and a screenshot of the tracking page to assist our investigation.

Currently, the case is still under investigation by our logistics team. We have informed you previously that an update is expected within the next 48 hours. We will contact you as soon as we receive more information from the logistics team.

Thank you for your patience and cooperation. If you do not receive an update within the promised timeframe, please feel free to reach out to us for further assistance.

Best regards,
Service Team"
Priya Nair,priya.nair@yopmail.com,Update on Your Technical Support Request – Mobile Application Issue,"Dear Priya Nair,

Thank you for reaching out to us regarding the issue with the mobile application closing immediately after you enter your login credentials. We appreciate the troubleshooting steps you have already taken, including restarting your phone and reinstalling the application.

Our support agent has collected your device details and application version, and, after standard troubleshooting did not resolve the issue, your case has been escalated to our technical team for further investigation.

Current Status: Your complaint is currently under technical review. Our technical team is actively working to identify the root cause, and we will keep you informed of any progress or additional actions required.

Next Steps: No further action is needed from your side at this time. We will contact you if additional information is required or once we have an update on the resolution.

Thank you for your patience and cooperation.

Regards,
Service Team"
Vikram Rao,vikram.rao@yopmail.com,Your Account Access Issue Has Been Resolved,"Dear Vikram Rao,

Thank you for bringing your account access issue to our attention. We understand the inconvenience caused when you were unable to access your account after changing your phone number, and the password reset link was being sent to your old number.

We are pleased to inform you that, after verifying your identity through our standard verification process, our support team has updated your registered phone number. You have successfully reset your password and confirmed that account access has been restored.

As the issue has been completely resolved, no further follow-up is required at this time. If you have any other questions or concerns in the future, please feel free to contact us.

Best regards,
Service Team"
Sneha Iyer,sneha.iyer@yopmail.com,Update on Your Service Quality Complaint – Management Review Pending,"Dear Sneha Iyer,

Thank you for contacting us regarding your recent service experience. We sincerely apologize for the inconvenience caused by the technician’s delayed arrival, which resulted in the need for you to reschedule your other commitments.

Your complaint regarding the late service appointment has been recorded, and we have initiated a service quality review as requested. At this stage, a formal review by our service-quality manager is pending. We have not yet reached a final resolution or provided any compensation. You will be notified as soon as the management review is completed and further steps are determined.

We appreciate your patience while we address your concerns. If you have any additional information or questions, please feel free to reply to this email.

Best regards,
Service Team"
